{
  "ABIRoot": {
    "kind": "Root",
    "name": "TopLevel",
    "printedName": "TopLevel",
    "children": [
      {
        "kind": "Import",
        "name": "Security",
        "printedName": "Security",
        "declKind": "Import",
        "moduleName": "KeychainSwift"
      },
      {
        "kind": "TypeDecl",
        "name": "KeychainSwiftAccessOptions",
        "printedName": "KeychainSwiftAccessOptions",
        "children": [
          {
            "kind": "Var",
            "name": "accessibleWhenUnlocked",
            "printedName": "accessibleWhenUnlocked",
            "children": [
              {
                "kind": "TypeFunc",
                "name": "Function",
                "printedName": "(KeychainSwift.KeychainSwiftAccessOptions.Type) -> KeychainSwift.KeychainSwiftAccessOptions",
                "children": [
                  {
                    "kind": "TypeNominal",
                    "name": "KeychainSwiftAccessOptions",
                    "printedName": "KeychainSwift.KeychainSwiftAccessOptions",
                    "usr": "s:13KeychainSwift0aB13AccessOptionsO"
                  },
                  {
                    "kind": "TypeNominal",
                    "name": "Metatype",
                    "printedName": "KeychainSwift.KeychainSwiftAccessOptions.Type",
                    "children": [
                      {
                        "kind": "TypeNominal",
                        "name": "KeychainSwiftAccessOptions",
                        "printedName": "KeychainSwift.KeychainSwiftAccessOptions",
                        "usr": "s:13KeychainSwift0aB13AccessOptionsO"
                      }
                    ]
                  }
                ]
              }
            ],
            "declKind": "EnumElement",
            "usr": "s:13KeychainSwift0aB13AccessOptionsO22accessibleWhenUnlockedyA2CmF",
            "mangledName": "$s13KeychainSwift0aB13AccessOptionsO22accessibleWhenUnlockedyA2CmF",
            "moduleName": "KeychainSwift",
            "declAttributes": [
              "RawDocComment"
            ]
          },
          {
            "kind": "Var",
            "name": "accessibleWhenUnlockedThisDeviceOnly",
            "printedName": "accessibleWhenUnlockedThisDeviceOnly",
            "children": [
              {
                "kind": "TypeFunc",
                "name": "Function",
                "printedName": "(KeychainSwift.KeychainSwiftAccessOptions.Type) -> KeychainSwift.KeychainSwiftAccessOptions",
                "children": [
                  {
                    "kind": "TypeNominal",
                    "name": "KeychainSwiftAccessOptions",
                    "printedName": "KeychainSwift.KeychainSwiftAccessOptions",
                    "usr": "s:13KeychainSwift0aB13AccessOptionsO"
                  },
                  {
                    "kind": "TypeNominal",
                    "name": "Metatype",
                    "printedName": "KeychainSwift.KeychainSwiftAccessOptions.Type",
                    "children": [
                      {
                        "kind": "TypeNominal",
                        "name": "KeychainSwiftAccessOptions",
                        "printedName": "KeychainSwift.KeychainSwiftAccessOptions",
                        "usr": "s:13KeychainSwift0aB13AccessOptionsO"
                      }
                    ]
                  }
                ]
              }
            ],
            "declKind": "EnumElement",
            "usr": "s:13KeychainSwift0aB13AccessOptionsO36accessibleWhenUnlockedThisDeviceOnlyyA2CmF",
            "mangledName": "$s13KeychainSwift0aB13AccessOptionsO36accessibleWhenUnlockedThisDeviceOnlyyA2CmF",
            "moduleName": "KeychainSwift",
            "declAttributes": [
              "RawDocComment"
            ]
          },
          {
            "kind": "Var",
            "name": "accessibleAfterFirstUnlock",
            "printedName": "accessibleAfterFirstUnlock",
            "children": [
              {
                "kind": "TypeFunc",
                "name": "Function",
                "printedName": "(KeychainSwift.KeychainSwiftAccessOptions.Type) -> KeychainSwift.KeychainSwiftAccessOptions",
                "children": [
                  {
                    "kind": "TypeNominal",
                    "name": "KeychainSwiftAccessOptions",
                    "printedName": "KeychainSwift.KeychainSwiftAccessOptions",
                    "usr": "s:13KeychainSwift0aB13AccessOptionsO"
                  },
                  {
                    "kind": "TypeNominal",
                    "name": "Metatype",
                    "printedName": "KeychainSwift.KeychainSwiftAccessOptions.Type",
                    "children": [
                      {
                        "kind": "TypeNominal",
                        "name": "KeychainSwiftAccessOptions",
                        "printedName": "KeychainSwift.KeychainSwiftAccessOptions",
                        "usr": "s:13KeychainSwift0aB13AccessOptionsO"
                      }
                    ]
                  }
                ]
              }
            ],
            "declKind": "EnumElement",
            "usr": "s:13KeychainSwift0aB13AccessOptionsO26accessibleAfterFirstUnlockyA2CmF",
            "mangledName": "$s13KeychainSwift0aB13AccessOptionsO26accessibleAfterFirstUnlockyA2CmF",
            "moduleName": "KeychainSwift",
            "declAttributes": [
              "RawDocComment"
            ]
          },
          {
            "kind": "Var",
            "name": "accessibleAfterFirstUnlockThisDeviceOnly",
            "printedName": "accessibleAfterFirstUnlockThisDeviceOnly",
            "children": [
              {
                "kind": "TypeFunc",
                "name": "Function",
                "printedName": "(KeychainSwift.KeychainSwiftAccessOptions.Type) -> KeychainSwift.KeychainSwiftAccessOptions",
                "children": [
                  {
                    "kind": "TypeNominal",
                    "name": "KeychainSwiftAccessOptions",
                    "printedName": "KeychainSwift.KeychainSwiftAccessOptions",
                    "usr": "s:13KeychainSwift0aB13AccessOptionsO"
                  },
                  {
                    "kind": "TypeNominal",
                    "name": "Metatype",
                    "printedName": "KeychainSwift.KeychainSwiftAccessOptions.Type",
                    "children": [
                      {
                        "kind": "TypeNominal",
                        "name": "KeychainSwiftAccessOptions",
                        "printedName": "KeychainSwift.KeychainSwiftAccessOptions",
                        "usr": "s:13KeychainSwift0aB13AccessOptionsO"
                      }
                    ]
                  }
                ]
              }
            ],
            "declKind": "EnumElement",
            "usr": "s:13KeychainSwift0aB13AccessOptionsO40accessibleAfterFirstUnlockThisDeviceOnlyyA2CmF",
            "mangledName": "$s13KeychainSwift0aB13AccessOptionsO40accessibleAfterFirstUnlockThisDeviceOnlyyA2CmF",
            "moduleName": "KeychainSwift",
            "declAttributes": [
              "RawDocComment"
            ]
          },
          {
            "kind": "Var",
            "name": "accessibleWhenPasscodeSetThisDeviceOnly",
            "printedName": "accessibleWhenPasscodeSetThisDeviceOnly",
            "children": [
              {
                "kind": "TypeFunc",
                "name": "Function",
                "printedName": "(KeychainSwift.KeychainSwiftAccessOptions.Type) -> KeychainSwift.KeychainSwiftAccessOptions",
                "children": [
                  {
                    "kind": "TypeNominal",
                    "name": "KeychainSwiftAccessOptions",
                    "printedName": "KeychainSwift.KeychainSwiftAccessOptions",
                    "usr": "s:13KeychainSwift0aB13AccessOptionsO"
                  },
                  {
                    "kind": "TypeNominal",
                    "name": "Metatype",
                    "printedName": "KeychainSwift.KeychainSwiftAccessOptions.Type",
                    "children": [
                      {
                        "kind": "TypeNominal",
                        "name": "KeychainSwiftAccessOptions",
                        "printedName": "KeychainSwift.KeychainSwiftAccessOptions",
                        "usr": "s:13KeychainSwift0aB13AccessOptionsO"
                      }
                    ]
                  }
                ]
              }
            ],
            "declKind": "EnumElement",
            "usr": "s:13KeychainSwift0aB13AccessOptionsO39accessibleWhenPasscodeSetThisDeviceOnlyyA2CmF",
            "mangledName": "$s13KeychainSwift0aB13AccessOptionsO39accessibleWhenPasscodeSetThisDeviceOnlyyA2CmF",
            "moduleName": "KeychainSwift",
            "declAttributes": [
              "RawDocComment"
            ]
          },
          {
            "kind": "Function",
            "name": "==",
            "printedName": "==(_:_:)",
            "children": [
              {
                "kind": "TypeNominal",
                "name": "Bool",
                "printedName": "Swift.Bool",
                "usr": "s:Sb"
              },
              {
                "kind": "TypeNominal",
                "name": "KeychainSwiftAccessOptions",
                "printedName": "KeychainSwift.KeychainSwiftAccessOptions",
                "usr": "s:13KeychainSwift0aB13AccessOptionsO"
              },
              {
                "kind": "TypeNominal",
                "name": "KeychainSwiftAccessOptions",
                "printedName": "KeychainSwift.KeychainSwiftAccessOptions",
                "usr": "s:13KeychainSwift0aB13AccessOptionsO"
              }
            ],
            "declKind": "Func",
            "usr": "s:13KeychainSwift0aB13AccessOptionsO2eeoiySbAC_ACtFZ",
            "mangledName": "$s13KeychainSwift0aB13AccessOptionsO2eeoiySbAC_ACtFZ",
            "moduleName": "KeychainSwift",
            "static": true,
            "implicit": true,
            "funcSelfKind": "NonMutating"
          },
          {
            "kind": "Var",
            "name": "hashValue",
            "printedName": "hashValue",
            "children": [
              {
                "kind": "TypeNominal",
                "name": "Int",
                "printedName": "Swift.Int",
                "usr": "s:Si"
              }
            ],
            "declKind": "Var",
            "usr": "s:13KeychainSwift0aB13AccessOptionsO9hashValueSivp",
            "mangledName": "$s13KeychainSwift0aB13AccessOptionsO9hashValueSivp",
            "moduleName": "KeychainSwift",
            "implicit": true,
            "accessors": [
              {
                "kind": "Accessor",
                "name": "Get",
                "printedName": "Get()",
                "children": [
                  {
                    "kind": "TypeNominal",
                    "name": "Int",
                    "printedName": "Swift.Int",
                    "usr": "s:Si"
                  }
                ],
                "declKind": "Accessor",
                "usr": "s:13KeychainSwift0aB13AccessOptionsO9hashValueSivg",
                "mangledName": "$s13KeychainSwift0aB13AccessOptionsO9hashValueSivg",
                "moduleName": "KeychainSwift",
                "implicit": true,
                "accessorKind": "get"
              }
            ]
          },
          {
            "kind": "Function",
            "name": "hash",
            "printedName": "hash(into:)",
            "children": [
              {
                "kind": "TypeNominal",
                "name": "Void",
                "printedName": "()"
              },
              {
                "kind": "TypeNominal",
                "name": "Hasher",
                "printedName": "Swift.Hasher",
                "paramValueOwnership": "InOut",
                "usr": "s:s6HasherV"
              }
            ],
            "declKind": "Func",
            "usr": "s:13KeychainSwift0aB13AccessOptionsO4hash4intoys6HasherVz_tF",
            "mangledName": "$s13KeychainSwift0aB13AccessOptionsO4hash4intoys6HasherVz_tF",
            "moduleName": "KeychainSwift",
            "implicit": true,
            "funcSelfKind": "NonMutating"
          }
        ],
        "declKind": "Enum",
        "usr": "s:13KeychainSwift0aB13AccessOptionsO",
        "mangledName": "$s13KeychainSwift0aB13AccessOptionsO",
        "moduleName": "KeychainSwift",
        "declAttributes": [
          "AccessControl",
          "RawDocComment"
        ],
        "conformances": [
          {
            "kind": "Conformance",
            "name": "Equatable",
            "printedName": "Equatable",
            "usr": "s:SQ",
            "mangledName": "$sSQ"
          },
          {
            "kind": "Conformance",
            "name": "Hashable",
            "printedName": "Hashable",
            "usr": "s:SH",
            "mangledName": "$sSH"
          }
        ]
      },
      {
        "kind": "Import",
        "name": "Security",
        "printedName": "Security",
        "declKind": "Import",
        "moduleName": "KeychainSwift"
      },
      {
        "kind": "Import",
        "name": "Foundation",
        "printedName": "Foundation",
        "declKind": "Import",
        "moduleName": "KeychainSwift"
      },
      {
        "kind": "TypeDecl",
        "name": "KeychainSwift",
        "printedName": "KeychainSwift",
        "children": [
          {
            "kind": "Var",
            "name": "lastResultCode",
            "printedName": "lastResultCode",
            "children": [
              {
                "kind": "TypeNominal",
                "name": "Int32",
                "printedName": "Swift.Int32",
                "usr": "s:s5Int32V"
              }
            ],
            "declKind": "Var",
            "usr": "s:13KeychainSwiftAAC14lastResultCodes5Int32Vvp",
            "mangledName": "$s13KeychainSwiftAAC14lastResultCodes5Int32Vvp",
            "moduleName": "KeychainSwift",
            "isOpen": true,
            "declAttributes": [
              "HasInitialValue",
              "HasStorage",
              "AccessControl",
              "RawDocComment"
            ],
            "hasStorage": true,
            "accessors": [
              {
                "kind": "Accessor",
                "name": "Get",
                "printedName": "Get()",
                "children": [
                  {
                    "kind": "TypeNominal",
                    "name": "Int32",
                    "printedName": "Swift.Int32",
                    "usr": "s:s5Int32V"
                  }
                ],
                "declKind": "Accessor",
                "usr": "s:13KeychainSwiftAAC14lastResultCodes5Int32Vvg",
                "mangledName": "$s13KeychainSwiftAAC14lastResultCodes5Int32Vvg",
                "moduleName": "KeychainSwift",
                "implicit": true,
                "isOpen": true,
                "accessorKind": "get"
              },
              {
                "kind": "Accessor",
                "name": "Set",
                "printedName": "Set()",
                "children": [
                  {
                    "kind": "TypeNominal",
                    "name": "Void",
                    "printedName": "()"
                  },
                  {
                    "kind": "TypeNominal",
                    "name": "Int32",
                    "printedName": "Swift.Int32",
                    "usr": "s:s5Int32V"
                  }
                ],
                "declKind": "Accessor",
                "usr": "s:13KeychainSwiftAAC14lastResultCodes5Int32Vvs",
                "mangledName": "$s13KeychainSwiftAAC14lastResultCodes5Int32Vvs",
                "moduleName": "KeychainSwift",
                "implicit": true,
                "isOpen": true,
                "accessorKind": "set"
              },
              {
                "kind": "Accessor",
                "name": "Modify",
                "printedName": "Modify()",
                "children": [
                  {
                    "kind": "TypeNominal",
                    "name": "Void",
                    "printedName": "()"
                  }
                ],
                "declKind": "Accessor",
                "usr": "s:13KeychainSwiftAAC14lastResultCodes5Int32VvM",
                "mangledName": "$s13KeychainSwiftAAC14lastResultCodes5Int32VvM",
                "moduleName": "KeychainSwift",
                "implicit": true,
                "isOpen": true,
                "accessorKind": "_modify"
              }
            ]
          },
          {
            "kind": "Var",
            "name": "accessGroup",
            "printedName": "accessGroup",
            "children": [
              {
                "kind": "TypeNominal",
                "name": "Optional",
                "printedName": "Swift.String?",
                "children": [
                  {
                    "kind": "TypeNominal",
                    "name": "String",
                    "printedName": "Swift.String",
                    "usr": "s:SS"
                  }
                ],
                "usr": "s:Sq"
              }
            ],
            "declKind": "Var",
            "usr": "s:13KeychainSwiftAAC11accessGroupSSSgvp",
            "mangledName": "$s13KeychainSwiftAAC11accessGroupSSSgvp",
            "moduleName": "KeychainSwift",
            "isOpen": true,
            "declAttributes": [
              "HasInitialValue",
              "HasStorage",
              "AccessControl",
              "RawDocComment"
            ],
            "hasStorage": true,
            "accessors": [
              {
                "kind": "Accessor",
                "name": "Get",
                "printedName": "Get()",
                "children": [
                  {
                    "kind": "TypeNominal",
                    "name": "Optional",
                    "printedName": "Swift.String?",
                    "children": [
                      {
                        "kind": "TypeNominal",
                        "name": "String",
                        "printedName": "Swift.String",
                        "usr": "s:SS"
                      }
                    ],
                    "usr": "s:Sq"
                  }
                ],
                "declKind": "Accessor",
                "usr": "s:13KeychainSwiftAAC11accessGroupSSSgvg",
                "mangledName": "$s13KeychainSwiftAAC11accessGroupSSSgvg",
                "moduleName": "KeychainSwift",
                "implicit": true,
                "isOpen": true,
                "accessorKind": "get"
              },
              {
                "kind": "Accessor",
                "name": "Set",
                "printedName": "Set()",
                "children": [
                  {
                    "kind": "TypeNominal",
                    "name": "Void",
                    "printedName": "()"
                  },
                  {
                    "kind": "TypeNominal",
                    "name": "Optional",
                    "printedName": "Swift.String?",
                    "children": [
                      {
                        "kind": "TypeNominal",
                        "name": "String",
                        "printedName": "Swift.String",
                        "usr": "s:SS"
                      }
                    ],
                    "usr": "s:Sq"
                  }
                ],
                "declKind": "Accessor",
                "usr": "s:13KeychainSwiftAAC11accessGroupSSSgvs",
                "mangledName": "$s13KeychainSwiftAAC11accessGroupSSSgvs",
                "moduleName": "KeychainSwift",
                "implicit": true,
                "isOpen": true,
                "accessorKind": "set"
              },
              {
                "kind": "Accessor",
                "name": "Modify",
                "printedName": "Modify()",
                "children": [
                  {
                    "kind": "TypeNominal",
                    "name": "Void",
                    "printedName": "()"
                  }
                ],
                "declKind": "Accessor",
                "usr": "s:13KeychainSwiftAAC11accessGroupSSSgvM",
                "mangledName": "$s13KeychainSwiftAAC11accessGroupSSSgvM",
                "moduleName": "KeychainSwift",
                "implicit": true,
                "isOpen": true,
                "accessorKind": "_modify"
              }
            ]
          },
          {
            "kind": "Var",
            "name": "synchronizable",
            "printedName": "synchronizable",
            "children": [
              {
                "kind": "TypeNominal",
                "name": "Bool",
                "printedName": "Swift.Bool",
                "usr": "s:Sb"
              }
            ],
            "declKind": "Var",
            "usr": "s:13KeychainSwiftAAC14synchronizableSbvp",
            "mangledName": "$s13KeychainSwiftAAC14synchronizableSbvp",
            "moduleName": "KeychainSwift",
            "isOpen": true,
            "declAttributes": [
              "HasInitialValue",
              "HasStorage",
              "AccessControl",
              "RawDocComment"
            ],
            "hasStorage": true,
            "accessors": [
              {
                "kind": "Accessor",
                "name": "Get",
                "printedName": "Get()",
                "children": [
                  {
                    "kind": "TypeNominal",
                    "name": "Bool",
                    "printedName": "Swift.Bool",
                    "usr": "s:Sb"
                  }
                ],
                "declKind": "Accessor",
                "usr": "s:13KeychainSwiftAAC14synchronizableSbvg",
                "mangledName": "$s13KeychainSwiftAAC14synchronizableSbvg",
                "moduleName": "KeychainSwift",
                "implicit": true,
                "isOpen": true,
                "accessorKind": "get"
              },
              {
                "kind": "Accessor",
                "name": "Set",
                "printedName": "Set()",
                "children": [
                  {
                    "kind": "TypeNominal",
                    "name": "Void",
                    "printedName": "()"
                  },
                  {
                    "kind": "TypeNominal",
                    "name": "Bool",
                    "printedName": "Swift.Bool",
                    "usr": "s:Sb"
                  }
                ],
                "declKind": "Accessor",
                "usr": "s:13KeychainSwiftAAC14synchronizableSbvs",
                "mangledName": "$s13KeychainSwiftAAC14synchronizableSbvs",
                "moduleName": "KeychainSwift",
                "implicit": true,
                "isOpen": true,
                "accessorKind": "set"
              },
              {
                "kind": "Accessor",
                "name": "Modify",
                "printedName": "Modify()",
                "children": [
                  {
                    "kind": "TypeNominal",
                    "name": "Void",
                    "printedName": "()"
                  }
                ],
                "declKind": "Accessor",
                "usr": "s:13KeychainSwiftAAC14synchronizableSbvM",
                "mangledName": "$s13KeychainSwiftAAC14synchronizableSbvM",
                "moduleName": "KeychainSwift",
                "implicit": true,
                "isOpen": true,
                "accessorKind": "_modify"
              }
            ]
          },
          {
            "kind": "Constructor",
            "name": "init",
            "printedName": "init()",
            "children": [
              {
                "kind": "TypeNominal",
                "name": "KeychainSwift",
                "printedName": "KeychainSwift.KeychainSwift",
                "usr": "s:13KeychainSwiftAAC"
              }
            ],
            "declKind": "Constructor",
            "usr": "s:13KeychainSwiftAACABycfc",
            "mangledName": "$s13KeychainSwiftAACABycfc",
            "moduleName": "KeychainSwift",
            "declAttributes": [
              "AccessControl",
              "RawDocComment"
            ],
            "init_kind": "Designated"
          },
          {
            "kind": "Constructor",
            "name": "init",
            "printedName": "init(keyPrefix:)",
            "children": [
              {
                "kind": "TypeNominal",
                "name": "KeychainSwift",
                "printedName": "KeychainSwift.KeychainSwift",
                "usr": "s:13KeychainSwiftAAC"
              },
              {
                "kind": "TypeNominal",
                "name": "String",
                "printedName": "Swift.String",
                "usr": "s:SS"
              }
            ],
            "declKind": "Constructor",
            "usr": "s:13KeychainSwiftAAC9keyPrefixABSS_tcfc",
            "mangledName": "$s13KeychainSwiftAAC9keyPrefixABSS_tcfc",
            "moduleName": "KeychainSwift",
            "declAttributes": [
              "AccessControl",
              "RawDocComment"
            ],
            "init_kind": "Designated"
          },
          {
            "kind": "Function",
            "name": "set",
            "printedName": "set(_:forKey:withAccess:)",
            "children": [
              {
                "kind": "TypeNominal",
                "name": "Bool",
                "printedName": "Swift.Bool",
                "usr": "s:Sb"
              },
              {
                "kind": "TypeNominal",
                "name": "String",
                "printedName": "Swift.String",
                "usr": "s:SS"
              },
              {
                "kind": "TypeNominal",
                "name": "String",
                "printedName": "Swift.String",
                "usr": "s:SS"
              },
              {
                "kind": "TypeNominal",
                "name": "Optional",
                "printedName": "KeychainSwift.KeychainSwiftAccessOptions?",
                "children": [
                  {
                    "kind": "TypeNominal",
                    "name": "KeychainSwiftAccessOptions",
                    "printedName": "KeychainSwift.KeychainSwiftAccessOptions",
                    "usr": "s:13KeychainSwift0aB13AccessOptionsO"
                  }
                ],
                "hasDefaultArg": true,
                "usr": "s:Sq"
              }
            ],
            "declKind": "Func",
            "usr": "s:13KeychainSwiftAAC3set_6forKey10withAccessSbSS_SSAA0abG7OptionsOSgtF",
            "mangledName": "$s13KeychainSwiftAAC3set_6forKey10withAccessSbSS_SSAA0abG7OptionsOSgtF",
            "moduleName": "KeychainSwift",
            "isOpen": true,
            "declAttributes": [
              "AccessControl",
              "DiscardableResult",
              "RawDocComment"
            ],
            "funcSelfKind": "NonMutating"
          },
          {
            "kind": "Function",
            "name": "set",
            "printedName": "set(_:forKey:withAccess:)",
            "children": [
              {
                "kind": "TypeNominal",
                "name": "Bool",
                "printedName": "Swift.Bool",
                "usr": "s:Sb"
              },
              {
                "kind": "TypeNominal",
                "name": "Data",
                "printedName": "Foundation.Data",
                "usr": "s:10Foundation4DataV"
              },
              {
                "kind": "TypeNominal",
                "name": "String",
                "printedName": "Swift.String",
                "usr": "s:SS"
              },
              {
                "kind": "TypeNominal",
                "name": "Optional",
                "printedName": "KeychainSwift.KeychainSwiftAccessOptions?",
                "children": [
                  {
                    "kind": "TypeNominal",
                    "name": "KeychainSwiftAccessOptions",
                    "printedName": "KeychainSwift.KeychainSwiftAccessOptions",
                    "usr": "s:13KeychainSwift0aB13AccessOptionsO"
                  }
                ],
                "hasDefaultArg": true,
                "usr": "s:Sq"
              }
            ],
            "declKind": "Func",
            "usr": "s:13KeychainSwiftAAC3set_6forKey10withAccessSb10Foundation4DataV_SSAA0abG7OptionsOSgtF",
            "mangledName": "$s13KeychainSwiftAAC3set_6forKey10withAccessSb10Foundation4DataV_SSAA0abG7OptionsOSgtF",
            "moduleName": "KeychainSwift",
            "isOpen": true,
            "declAttributes": [
              "AccessControl",
              "DiscardableResult",
              "RawDocComment"
            ],
            "funcSelfKind": "NonMutating"
          },
          {
            "kind": "Function",
            "name": "set",
            "printedName": "set(_:forKey:withAccess:)",
            "children": [
              {
                "kind": "TypeNominal",
                "name": "Bool",
                "printedName": "Swift.Bool",
                "usr": "s:Sb"
              },
              {
                "kind": "TypeNominal",
                "name": "Bool",
                "printedName": "Swift.Bool",
                "usr": "s:Sb"
              },
              {
                "kind": "TypeNominal",
                "name": "String",
                "printedName": "Swift.String",
                "usr": "s:SS"
              },
              {
                "kind": "TypeNominal",
                "name": "Optional",
                "printedName": "KeychainSwift.KeychainSwiftAccessOptions?",
                "children": [
                  {
                    "kind": "TypeNominal",
                    "name": "KeychainSwiftAccessOptions",
                    "printedName": "KeychainSwift.KeychainSwiftAccessOptions",
                    "usr": "s:13KeychainSwift0aB13AccessOptionsO"
                  }
                ],
                "hasDefaultArg": true,
                "usr": "s:Sq"
              }
            ],
            "declKind": "Func",
            "usr": "s:13KeychainSwiftAAC3set_6forKey10withAccessS2b_SSAA0abG7OptionsOSgtF",
            "mangledName": "$s13KeychainSwiftAAC3set_6forKey10withAccessS2b_SSAA0abG7OptionsOSgtF",
            "moduleName": "KeychainSwift",
            "isOpen": true,
            "declAttributes": [
              "AccessControl",
              "DiscardableResult",
              "RawDocComment"
            ],
            "funcSelfKind": "NonMutating"
          },
          {
            "kind": "Function",
            "name": "get",
            "printedName": "get(_:)",
            "children": [
              {
                "kind": "TypeNominal",
                "name": "Optional",
                "printedName": "Swift.String?",
                "children": [
                  {
                    "kind": "TypeNominal",
                    "name": "String",
                    "printedName": "Swift.String",
                    "usr": "s:SS"
                  }
                ],
                "usr": "s:Sq"
              },
              {
                "kind": "TypeNominal",
                "name": "String",
                "printedName": "Swift.String",
                "usr": "s:SS"
              }
            ],
            "declKind": "Func",
            "usr": "s:13KeychainSwiftAAC3getySSSgSSF",
            "mangledName": "$s13KeychainSwiftAAC3getySSSgSSF",
            "moduleName": "KeychainSwift",
            "isOpen": true,
            "declAttributes": [
              "AccessControl",
              "RawDocComment"
            ],
            "funcSelfKind": "NonMutating"
          },
          {
            "kind": "Function",
            "name": "getData",
            "printedName": "getData(_:asReference:)",
            "children": [
              {
                "kind": "TypeNominal",
                "name": "Optional",
                "printedName": "Foundation.Data?",
                "children": [
                  {
                    "kind": "TypeNominal",
                    "name": "Data",
                    "printedName": "Foundation.Data",
                    "usr": "s:10Foundation4DataV"
                  }
                ],
                "usr": "s:Sq"
              },
              {
                "kind": "TypeNominal",
                "name": "String",
                "printedName": "Swift.String",
                "usr": "s:SS"
              },
              {
                "kind": "TypeNominal",
                "name": "Bool",
                "printedName": "Swift.Bool",
                "hasDefaultArg": true,
                "usr": "s:Sb"
              }
            ],
            "declKind": "Func",
            "usr": "s:13KeychainSwiftAAC7getData_11asReference10Foundation0D0VSgSS_SbtF",
            "mangledName": "$s13KeychainSwiftAAC7getData_11asReference10Foundation0D0VSgSS_SbtF",
            "moduleName": "KeychainSwift",
            "isOpen": true,
            "declAttributes": [
              "AccessControl",
              "RawDocComment"
            ],
            "funcSelfKind": "NonMutating"
          },
          {
            "kind": "Function",
            "name": "getBool",
            "printedName": "getBool(_:)",
            "children": [
              {
                "kind": "TypeNominal",
                "name": "Optional",
                "printedName": "Swift.Bool?",
                "children": [
                  {
                    "kind": "TypeNominal",
                    "name": "Bool",
                    "printedName": "Swift.Bool",
                    "usr": "s:Sb"
                  }
                ],
                "usr": "s:Sq"
              },
              {
                "kind": "TypeNominal",
                "name": "String",
                "printedName": "Swift.String",
                "usr": "s:SS"
              }
            ],
            "declKind": "Func",
            "usr": "s:13KeychainSwiftAAC7getBoolySbSgSSF",
            "mangledName": "$s13KeychainSwiftAAC7getBoolySbSgSSF",
            "moduleName": "KeychainSwift",
            "isOpen": true,
            "declAttributes": [
              "AccessControl",
              "RawDocComment"
            ],
            "funcSelfKind": "NonMutating"
          },
          {
            "kind": "Function",
            "name": "delete",
            "printedName": "delete(_:)",
            "children": [
              {
                "kind": "TypeNominal",
                "name": "Bool",
                "printedName": "Swift.Bool",
                "usr": "s:Sb"
              },
              {
                "kind": "TypeNominal",
                "name": "String",
                "printedName": "Swift.String",
                "usr": "s:SS"
              }
            ],
            "declKind": "Func",
            "usr": "s:13KeychainSwiftAAC6deleteySbSSF",
            "mangledName": "$s13KeychainSwiftAAC6deleteySbSSF",
            "moduleName": "KeychainSwift",
            "isOpen": true,
            "declAttributes": [
              "AccessControl",
              "DiscardableResult",
              "RawDocComment"
            ],
            "funcSelfKind": "NonMutating"
          },
          {
            "kind": "Var",
            "name": "allKeys",
            "printedName": "allKeys",
            "children": [
              {
                "kind": "TypeNominal",
                "name": "Array",
                "printedName": "[Swift.String]",
                "children": [
                  {
                    "kind": "TypeNominal",
                    "name": "String",
                    "printedName": "Swift.String",
                    "usr": "s:SS"
                  }
                ],
                "usr": "s:Sa"
              }
            ],
            "declKind": "Var",
            "usr": "s:13KeychainSwiftAAC7allKeysSaySSGvp",
            "mangledName": "$s13KeychainSwiftAAC7allKeysSaySSGvp",
            "moduleName": "KeychainSwift",
            "declAttributes": [
              "AccessControl",
              "RawDocComment"
            ],
            "accessors": [
              {
                "kind": "Accessor",
                "name": "Get",
                "printedName": "Get()",
                "children": [
                  {
                    "kind": "TypeNominal",
                    "name": "Array",
                    "printedName": "[Swift.String]",
                    "children": [
                      {
                        "kind": "TypeNominal",
                        "name": "String",
                        "printedName": "Swift.String",
                        "usr": "s:SS"
                      }
                    ],
                    "usr": "s:Sa"
                  }
                ],
                "declKind": "Accessor",
                "usr": "s:13KeychainSwiftAAC7allKeysSaySSGvg",
                "mangledName": "$s13KeychainSwiftAAC7allKeysSaySSGvg",
                "moduleName": "KeychainSwift",
                "accessorKind": "get"
              }
            ]
          },
          {
            "kind": "Function",
            "name": "clear",
            "printedName": "clear()",
            "children": [
              {
                "kind": "TypeNominal",
                "name": "Bool",
                "printedName": "Swift.Bool",
                "usr": "s:Sb"
              }
            ],
            "declKind": "Func",
            "usr": "s:13KeychainSwiftAAC5clearSbyF",
            "mangledName": "$s13KeychainSwiftAAC5clearSbyF",
            "moduleName": "KeychainSwift",
            "isOpen": true,
            "declAttributes": [
              "AccessControl",
              "DiscardableResult",
              "RawDocComment"
            ],
            "funcSelfKind": "NonMutating"
          }
        ],
        "declKind": "Class",
        "usr": "s:13KeychainSwiftAAC",
        "mangledName": "$s13KeychainSwiftAAC",
        "moduleName": "KeychainSwift",
        "isOpen": true,
        "declAttributes": [
          "AccessControl",
          "RawDocComment"
        ]
      },
      {
        "kind": "Import",
        "name": "Foundation",
        "printedName": "Foundation",
        "declKind": "Import",
        "moduleName": "KeychainSwift"
      },
      {
        "kind": "Import",
        "name": "Security",
        "printedName": "Security",
        "declKind": "Import",
        "moduleName": "KeychainSwift"
      },
      {
        "kind": "TypeDecl",
        "name": "KeychainSwiftConstants",
        "printedName": "KeychainSwiftConstants",
        "children": [
          {
            "kind": "Var",
            "name": "accessGroup",
            "printedName": "accessGroup",
            "children": [
              {
                "kind": "TypeNominal",
                "name": "String",
                "printedName": "Swift.String",
                "usr": "s:SS"
              }
            ],
            "declKind": "Var",
            "usr": "s:13KeychainSwift0aB9ConstantsV11accessGroupSSvpZ",
            "mangledName": "$s13KeychainSwift0aB9ConstantsV11accessGroupSSvpZ",
            "moduleName": "KeychainSwift",
            "static": true,
            "declAttributes": [
              "AccessControl",
              "RawDocComment"
            ],
            "accessors": [
              {
                "kind": "Accessor",
                "name": "Get",
                "printedName": "Get()",
                "children": [
                  {
                    "kind": "TypeNominal",
                    "name": "String",
                    "printedName": "Swift.String",
                    "usr": "s:SS"
                  }
                ],
                "declKind": "Accessor",
                "usr": "s:13KeychainSwift0aB9ConstantsV11accessGroupSSvgZ",
                "mangledName": "$s13KeychainSwift0aB9ConstantsV11accessGroupSSvgZ",
                "moduleName": "KeychainSwift",
                "static": true,
                "accessorKind": "get"
              }
            ]
          },
          {
            "kind": "Var",
            "name": "accessible",
            "printedName": "accessible",
            "children": [
              {
                "kind": "TypeNominal",
                "name": "String",
                "printedName": "Swift.String",
                "usr": "s:SS"
              }
            ],
            "declKind": "Var",
            "usr": "s:13KeychainSwift0aB9ConstantsV10accessibleSSvpZ",
            "mangledName": "$s13KeychainSwift0aB9ConstantsV10accessibleSSvpZ",
            "moduleName": "KeychainSwift",
            "static": true,
            "declAttributes": [
              "AccessControl",
              "RawDocComment"
            ],
            "accessors": [
              {
                "kind": "Accessor",
                "name": "Get",
                "printedName": "Get()",
                "children": [
                  {
                    "kind": "TypeNominal",
                    "name": "String",
                    "printedName": "Swift.String",
                    "usr": "s:SS"
                  }
                ],
                "declKind": "Accessor",
                "usr": "s:13KeychainSwift0aB9ConstantsV10accessibleSSvgZ",
                "mangledName": "$s13KeychainSwift0aB9ConstantsV10accessibleSSvgZ",
                "moduleName": "KeychainSwift",
                "static": true,
                "accessorKind": "get"
              }
            ]
          },
          {
            "kind": "Var",
            "name": "attrAccount",
            "printedName": "attrAccount",
            "children": [
              {
                "kind": "TypeNominal",
                "name": "String",
                "printedName": "Swift.String",
                "usr": "s:SS"
              }
            ],
            "declKind": "Var",
            "usr": "s:13KeychainSwift0aB9ConstantsV11attrAccountSSvpZ",
            "mangledName": "$s13KeychainSwift0aB9ConstantsV11attrAccountSSvpZ",
            "moduleName": "KeychainSwift",
            "static": true,
            "declAttributes": [
              "AccessControl",
              "RawDocComment"
            ],
            "accessors": [
              {
                "kind": "Accessor",
                "name": "Get",
                "printedName": "Get()",
                "children": [
                  {
                    "kind": "TypeNominal",
                    "name": "String",
                    "printedName": "Swift.String",
                    "usr": "s:SS"
                  }
                ],
                "declKind": "Accessor",
                "usr": "s:13KeychainSwift0aB9ConstantsV11attrAccountSSvgZ",
                "mangledName": "$s13KeychainSwift0aB9ConstantsV11attrAccountSSvgZ",
                "moduleName": "KeychainSwift",
                "static": true,
                "accessorKind": "get"
              }
            ]
          },
          {
            "kind": "Var",
            "name": "attrSynchronizable",
            "printedName": "attrSynchronizable",
            "children": [
              {
                "kind": "TypeNominal",
                "name": "String",
                "printedName": "Swift.String",
                "usr": "s:SS"
              }
            ],
            "declKind": "Var",
            "usr": "s:13KeychainSwift0aB9ConstantsV18attrSynchronizableSSvpZ",
            "mangledName": "$s13KeychainSwift0aB9ConstantsV18attrSynchronizableSSvpZ",
            "moduleName": "KeychainSwift",
            "static": true,
            "declAttributes": [
              "AccessControl",
              "RawDocComment"
            ],
            "accessors": [
              {
                "kind": "Accessor",
                "name": "Get",
                "printedName": "Get()",
                "children": [
                  {
                    "kind": "TypeNominal",
                    "name": "String",
                    "printedName": "Swift.String",
                    "usr": "s:SS"
                  }
                ],
                "declKind": "Accessor",
                "usr": "s:13KeychainSwift0aB9ConstantsV18attrSynchronizableSSvgZ",
                "mangledName": "$s13KeychainSwift0aB9ConstantsV18attrSynchronizableSSvgZ",
                "moduleName": "KeychainSwift",
                "static": true,
                "accessorKind": "get"
              }
            ]
          },
          {
            "kind": "Var",
            "name": "klass",
            "printedName": "klass",
            "children": [
              {
                "kind": "TypeNominal",
                "name": "String",
                "printedName": "Swift.String",
                "usr": "s:SS"
              }
            ],
            "declKind": "Var",
            "usr": "s:13KeychainSwift0aB9ConstantsV5klassSSvpZ",
            "mangledName": "$s13KeychainSwift0aB9ConstantsV5klassSSvpZ",
            "moduleName": "KeychainSwift",
            "static": true,
            "declAttributes": [
              "AccessControl",
              "RawDocComment"
            ],
            "accessors": [
              {
                "kind": "Accessor",
                "name": "Get",
                "printedName": "Get()",
                "children": [
                  {
                    "kind": "TypeNominal",
                    "name": "String",
                    "printedName": "Swift.String",
                    "usr": "s:SS"
                  }
                ],
                "declKind": "Accessor",
                "usr": "s:13KeychainSwift0aB9ConstantsV5klassSSvgZ",
                "mangledName": "$s13KeychainSwift0aB9ConstantsV5klassSSvgZ",
                "moduleName": "KeychainSwift",
                "static": true,
                "accessorKind": "get"
              }
            ]
          },
          {
            "kind": "Var",
            "name": "matchLimit",
            "printedName": "matchLimit",
            "children": [
              {
                "kind": "TypeNominal",
                "name": "String",
                "printedName": "Swift.String",
                "usr": "s:SS"
              }
            ],
            "declKind": "Var",
            "usr": "s:13KeychainSwift0aB9ConstantsV10matchLimitSSvpZ",
            "mangledName": "$s13KeychainSwift0aB9ConstantsV10matchLimitSSvpZ",
            "moduleName": "KeychainSwift",
            "static": true,
            "declAttributes": [
              "AccessControl",
              "RawDocComment"
            ],
            "accessors": [
              {
                "kind": "Accessor",
                "name": "Get",
                "printedName": "Get()",
                "children": [
                  {
                    "kind": "TypeNominal",
                    "name": "String",
                    "printedName": "Swift.String",
                    "usr": "s:SS"
                  }
                ],
                "declKind": "Accessor",
                "usr": "s:13KeychainSwift0aB9ConstantsV10matchLimitSSvgZ",
                "mangledName": "$s13KeychainSwift0aB9ConstantsV10matchLimitSSvgZ",
                "moduleName": "KeychainSwift",
                "static": true,
                "accessorKind": "get"
              }
            ]
          },
          {
            "kind": "Var",
            "name": "returnData",
            "printedName": "returnData",
            "children": [
              {
                "kind": "TypeNominal",
                "name": "String",
                "printedName": "Swift.String",
                "usr": "s:SS"
              }
            ],
            "declKind": "Var",
            "usr": "s:13KeychainSwift0aB9ConstantsV10returnDataSSvpZ",
            "mangledName": "$s13KeychainSwift0aB9ConstantsV10returnDataSSvpZ",
            "moduleName": "KeychainSwift",
            "static": true,
            "declAttributes": [
              "AccessControl",
              "RawDocComment"
            ],
            "accessors": [
              {
                "kind": "Accessor",
                "name": "Get",
                "printedName": "Get()",
                "children": [
                  {
                    "kind": "TypeNominal",
                    "name": "String",
                    "printedName": "Swift.String",
                    "usr": "s:SS"
                  }
                ],
                "declKind": "Accessor",
                "usr": "s:13KeychainSwift0aB9ConstantsV10returnDataSSvgZ",
                "mangledName": "$s13KeychainSwift0aB9ConstantsV10returnDataSSvgZ",
                "moduleName": "KeychainSwift",
                "static": true,
                "accessorKind": "get"
              }
            ]
          },
          {
            "kind": "Var",
            "name": "valueData",
            "printedName": "valueData",
            "children": [
              {
                "kind": "TypeNominal",
                "name": "String",
                "printedName": "Swift.String",
                "usr": "s:SS"
              }
            ],
            "declKind": "Var",
            "usr": "s:13KeychainSwift0aB9ConstantsV9valueDataSSvpZ",
            "mangledName": "$s13KeychainSwift0aB9ConstantsV9valueDataSSvpZ",
            "moduleName": "KeychainSwift",
            "static": true,
            "declAttributes": [
              "AccessControl",
              "RawDocComment"
            ],
            "accessors": [
              {
                "kind": "Accessor",
                "name": "Get",
                "printedName": "Get()",
                "children": [
                  {
                    "kind": "TypeNominal",
                    "name": "String",
                    "printedName": "Swift.String",
                    "usr": "s:SS"
                  }
                ],
                "declKind": "Accessor",
                "usr": "s:13KeychainSwift0aB9ConstantsV9valueDataSSvgZ",
                "mangledName": "$s13KeychainSwift0aB9ConstantsV9valueDataSSvgZ",
                "moduleName": "KeychainSwift",
                "static": true,
                "accessorKind": "get"
              }
            ]
          },
          {
            "kind": "Var",
            "name": "returnReference",
            "printedName": "returnReference",
            "children": [
              {
                "kind": "TypeNominal",
                "name": "String",
                "printedName": "Swift.String",
                "usr": "s:SS"
              }
            ],
            "declKind": "Var",
            "usr": "s:13KeychainSwift0aB9ConstantsV15returnReferenceSSvpZ",
            "mangledName": "$s13KeychainSwift0aB9ConstantsV15returnReferenceSSvpZ",
            "moduleName": "KeychainSwift",
            "static": true,
            "declAttributes": [
              "AccessControl",
              "RawDocComment"
            ],
            "accessors": [
              {
                "kind": "Accessor",
                "name": "Get",
                "printedName": "Get()",
                "children": [
                  {
                    "kind": "TypeNominal",
                    "name": "String",
                    "printedName": "Swift.String",
                    "usr": "s:SS"
                  }
                ],
                "declKind": "Accessor",
                "usr": "s:13KeychainSwift0aB9ConstantsV15returnReferenceSSvgZ",
                "mangledName": "$s13KeychainSwift0aB9ConstantsV15returnReferenceSSvgZ",
                "moduleName": "KeychainSwift",
                "static": true,
                "accessorKind": "get"
              }
            ]
          },
          {
            "kind": "Var",
            "name": "returnAttributes",
            "printedName": "returnAttributes",
            "children": [
              {
                "kind": "TypeNominal",
                "name": "String",
                "printedName": "Swift.String",
                "usr": "s:SS"
              }
            ],
            "declKind": "Var",
            "usr": "s:13KeychainSwift0aB9ConstantsV16returnAttributesSSvpZ",
            "mangledName": "$s13KeychainSwift0aB9ConstantsV16returnAttributesSSvpZ",
            "moduleName": "KeychainSwift",
            "static": true,
            "declAttributes": [
              "AccessControl",
              "RawDocComment"
            ],
            "accessors": [
              {
                "kind": "Accessor",
                "name": "Get",
                "printedName": "Get()",
                "children": [
                  {
                    "kind": "TypeNominal",
                    "name": "String",
                    "printedName": "Swift.String",
                    "usr": "s:SS"
                  }
                ],
                "declKind": "Accessor",
                "usr": "s:13KeychainSwift0aB9ConstantsV16returnAttributesSSvgZ",
                "mangledName": "$s13KeychainSwift0aB9ConstantsV16returnAttributesSSvgZ",
                "moduleName": "KeychainSwift",
                "static": true,
                "accessorKind": "get"
              }
            ]
          },
          {
            "kind": "Var",
            "name": "secMatchLimitAll",
            "printedName": "secMatchLimitAll",
            "children": [
              {
                "kind": "TypeNominal",
                "name": "String",
                "printedName": "Swift.String",
                "usr": "s:SS"
              }
            ],
            "declKind": "Var",
            "usr": "s:13KeychainSwift0aB9ConstantsV16secMatchLimitAllSSvpZ",
            "mangledName": "$s13KeychainSwift0aB9ConstantsV16secMatchLimitAllSSvpZ",
            "moduleName": "KeychainSwift",
            "static": true,
            "declAttributes": [
              "AccessControl",
              "RawDocComment"
            ],
            "accessors": [
              {
                "kind": "Accessor",
                "name": "Get",
                "printedName": "Get()",
                "children": [
                  {
                    "kind": "TypeNominal",
                    "name": "String",
                    "printedName": "Swift.String",
                    "usr": "s:SS"
                  }
                ],
                "declKind": "Accessor",
                "usr": "s:13KeychainSwift0aB9ConstantsV16secMatchLimitAllSSvgZ",
                "mangledName": "$s13KeychainSwift0aB9ConstantsV16secMatchLimitAllSSvgZ",
                "moduleName": "KeychainSwift",
                "static": true,
                "accessorKind": "get"
              }
            ]
          }
        ],
        "declKind": "Struct",
        "usr": "s:13KeychainSwift0aB9ConstantsV",
        "mangledName": "$s13KeychainSwift0aB9ConstantsV",
        "moduleName": "KeychainSwift",
        "declAttributes": [
          "AccessControl",
          "RawDocComment"
        ]
      }
    ],
    "json_format_version": 8
  },
  "ConstValues": [
    {
      "filePath": "\/Users\/huynguyen\/Downloads\/keychain-swift-master\/Sources\/KeychainSwift.swift",
      "kind": "StringLiteral",
      "offset": 379,
      "length": 2,
      "value": "\"\""
    },
    {
      "filePath": "\/Users\/huynguyen\/Downloads\/keychain-swift-master\/Sources\/KeychainSwift.swift",
      "kind": "BooleanLiteral",
      "offset": 1234,
      "length": 5,
      "value": "false"
    },
    {
      "filePath": "\/Users\/huynguyen\/Downloads\/keychain-swift-master\/Sources\/KeychainSwift.swift",
      "kind": "BooleanLiteral",
      "offset": 5763,
      "length": 5,
      "value": "false"
    }
  ]
}